{"entries":[{"playerName":"pingapingasad","playerDisplayName":"pingapingasad","prefix":"","suffix":"","playerID":"1b3021d2-3e93-3532-b354-a530393aaba4","position":1,"board":"statistic_deaths","type":"MONTHLY","score":1.0},{"playerName":"---","playerDisplayName":"---","prefix":"","suffix":"","position":2,"board":"statistic_deaths","type":"MONTHLY","score":-1.0},{"playerName":"---","playerDisplayName":"---","prefix":"","suffix":"","position":3,"board":"statistic_deaths","type":"MONTHLY","score":-1.0},{"playerName":"---","playerDisplayName":"---","prefix":"","suffix":"","position":4,"board":"statistic_deaths","type":"MONTHLY","score":-1.0},{"playerName":"---","playerDisplayName":"---","prefix":"","suffix":"","position":5,"board":"statistic_deaths","type":"MONTHLY","score":-1.0},{"playerName":"---","playerDisplayName":"---","prefix":"","suffix":"","position":6,"board":"statistic_deaths","type":"MONTHLY","score":-1.0},{"playerName":"---","playerDisplayName":"---","prefix":"","suffix":"","position":7,"board":"statistic_deaths","type":"MONTHLY","score":-1.0},{"playerName":"---","playerDisplayName":"---","prefix":"","suffix":"","position":8,"board":"statistic_deaths","type":"MONTHLY","score":-1.0},{"playerName":"---","playerDisplayName":"---","prefix":"","suffix":"","position":9,"board":"statistic_deaths","type":"MONTHLY","score":-1.0},{"playerName":"---","playerDisplayName":"---","prefix":"","suffix":"","position":10,"board":"statistic_deaths","type":"MONTHLY","score":-1.0}],"meta":{"time":1713217429929,"type":"MONTHLY","board":"statistic_deaths"}}