{"entries":[{"playerName":"pingapingasad","playerDisplayName":"pingapingasad","prefix":"\u0026l\u0026a[\u0026#0bff2b\u0026lM\u0026#2efa49\u0026li\u0026#52f467\u0026le\u0026#75ef85\u0026lm\u0026#98eaa3\u0026lb\u0026#bce4c1\u0026lr\u0026#dfdfdf\u0026lo\u0026l\u0026a] \u0026r","suffix":"","playerID":"1b3021d2-3e93-3532-b354-a530393aaba4","position":1,"board":"statistic_player_kills","type":"DAILY","score":0.0},{"playerName":"---","playerDisplayName":"---","prefix":"","suffix":"","position":2,"board":"statistic_player_kills","type":"DAILY","score":-1.0},{"playerName":"---","playerDisplayName":"---","prefix":"","suffix":"","position":3,"board":"statistic_player_kills","type":"DAILY","score":-1.0},{"playerName":"---","playerDisplayName":"---","prefix":"","suffix":"","position":4,"board":"statistic_player_kills","type":"DAILY","score":-1.0},{"playerName":"---","playerDisplayName":"---","prefix":"","suffix":"","position":5,"board":"statistic_player_kills","type":"DAILY","score":-1.0},{"playerName":"---","playerDisplayName":"---","prefix":"","suffix":"","position":6,"board":"statistic_player_kills","type":"DAILY","score":-1.0},{"playerName":"---","playerDisplayName":"---","prefix":"","suffix":"","position":7,"board":"statistic_player_kills","type":"DAILY","score":-1.0},{"playerName":"---","playerDisplayName":"---","prefix":"","suffix":"","position":8,"board":"statistic_player_kills","type":"DAILY","score":-1.0},{"playerName":"---","playerDisplayName":"---","prefix":"","suffix":"","position":9,"board":"statistic_player_kills","type":"DAILY","score":-1.0},{"playerName":"---","playerDisplayName":"---","prefix":"","suffix":"","position":10,"board":"statistic_player_kills","type":"DAILY","score":-1.0}],"meta":{"time":1710892800107,"type":"DAILY","board":"statistic_player_kills"}}