{"entries":[{"playerName":"---","playerDisplayName":"---","prefix":"","suffix":"","position":1,"board":"statistic_deaths","type":"WEEKLY","score":-1.0},{"playerName":"---","playerDisplayName":"---","prefix":"","suffix":"","position":2,"board":"statistic_deaths","type":"WEEKLY","score":-1.0},{"playerName":"---","playerDisplayName":"---","prefix":"","suffix":"","position":3,"board":"statistic_deaths","type":"WEEKLY","score":-1.0},{"playerName":"---","playerDisplayName":"---","prefix":"","suffix":"","position":4,"board":"statistic_deaths","type":"WEEKLY","score":-1.0},{"playerName":"---","playerDisplayName":"---","prefix":"","suffix":"","position":5,"board":"statistic_deaths","type":"WEEKLY","score":-1.0},{"playerName":"---","playerDisplayName":"---","prefix":"","suffix":"","position":6,"board":"statistic_deaths","type":"WEEKLY","score":-1.0},{"playerName":"---","playerDisplayName":"---","prefix":"","suffix":"","position":7,"board":"statistic_deaths","type":"WEEKLY","score":-1.0},{"playerName":"---","playerDisplayName":"---","prefix":"","suffix":"","position":8,"board":"statistic_deaths","type":"WEEKLY","score":-1.0},{"playerName":"---","playerDisplayName":"---","prefix":"","suffix":"","position":9,"board":"statistic_deaths","type":"WEEKLY","score":-1.0},{"playerName":"---","playerDisplayName":"---","prefix":"","suffix":"","position":10,"board":"statistic_deaths","type":"WEEKLY","score":-1.0}],"meta":{"time":1710812842200,"type":"WEEKLY","board":"statistic_deaths"}}