{"entries":[{"playerName":"pingapingasad","playerDisplayName":"pingapingasad","prefix":"","suffix":"","playerID":"1b3021d2-3e93-3532-b354-a530393aaba4","position":1,"board":"statistic_deaths","type":"WEEKLY","score":0.0},{"playerName":"T0MMA_S","playerDisplayName":"T0MMA_S","prefix":"","suffix":"","playerID":"e3aaec94-7f98-3d14-9156-dfa06a4c8d37","position":2,"board":"statistic_deaths","type":"WEEKLY","score":0.0},{"playerName":"---","playerDisplayName":"---","prefix":"","suffix":"","position":3,"board":"statistic_deaths","type":"WEEKLY","score":-1.0},{"playerName":"---","playerDisplayName":"---","prefix":"","suffix":"","position":4,"board":"statistic_deaths","type":"WEEKLY","score":-1.0},{"playerName":"---","playerDisplayName":"---","prefix":"","suffix":"","position":5,"board":"statistic_deaths","type":"WEEKLY","score":-1.0},{"playerName":"---","playerDisplayName":"---","prefix":"","suffix":"","position":6,"board":"statistic_deaths","type":"WEEKLY","score":-1.0},{"playerName":"---","playerDisplayName":"---","prefix":"","suffix":"","position":7,"board":"statistic_deaths","type":"WEEKLY","score":-1.0},{"playerName":"---","playerDisplayName":"---","prefix":"","suffix":"","position":8,"board":"statistic_deaths","type":"WEEKLY","score":-1.0},{"playerName":"---","playerDisplayName":"---","prefix":"","suffix":"","position":9,"board":"statistic_deaths","type":"WEEKLY","score":-1.0},{"playerName":"---","playerDisplayName":"---","prefix":"","suffix":"","position":10,"board":"statistic_deaths","type":"WEEKLY","score":-1.0}],"meta":{"time":1713658798585,"type":"WEEKLY","board":"statistic_deaths"}}